Model,Accuracy,Precision,Recall,F1-Score,AUC-ROC
Decision Tree,0.9135,0.92497320471597,0.9812393405343945,0.9522758620689655,0.9292353020270382
SVM,0.913,0.9258463191832348,0.9795338260375214,0.9519337016574586,0.9344332289895003
Random Forest,0.9105,0.9340659340659341,0.9664582148948266,0.9499860296172115,0.9419393799287129
Logistic Regression,0.9055,0.9243243243243243,0.9721432632177374,0.9476309226932669,0.928472184544689
KNN,0.8925,0.9303232998885173,0.9488345650938033,0.9394877568252181,0.8895614492391236
