Model,Accuracy,Precision,Recall,F1-Score,AUC-ROC
Decision Tree,1.0,1.0,1.0,1.0,1.0
Random Forest,1.0,1.0,1.0,1.0,1.0
Logistic Regression,0.998,0.9988629903354178,0.9988629903354178,0.9988629903354178,0.999959897999382
SVM,0.995,0.9960294951786727,0.9982944855031268,0.997160704145372,0.9996084157586709
KNN,0.9565,0.9739229024943311,0.9766913018760659,0.9753051376667613,0.974284002368377
